url,Course Title,Course Headline,Instructor,Rating,Number of Ratings,Course Length,Number of Lectures,Difficulity
https://www.udemy.com/course/change-agility-in-the-workplace-become-a-change-agent/,Change Agility in the Workplace: Become a Change Agent,Become an agent of change by adopting the agility and resilience skills required in the evolving modern workplace.,"Shelley Osborne, Udemy Learning Team",4.4,"5,805",1 total hour,27 lectures,All Levels
https://www.udemy.com/course/mental-health-for-coping-with-stress-anxiety-covid-19/,Mental Health for Coping with Stress & Anxiety (Coronavirus),"Growth Mindset, Psychology & Mental Health to Find Opportunity in the Crisis & Cope with Fear, Worry, Anxiety & Stress","Joeel & Natalie Rivera, Transformation Services",4.5,"3,031",2 total hours,24 lectures,All Levels
https://www.udemy.com/course/quick-guide-to-working-remotely-from-vp-of-learning/,Best Practices for Working Remotely,"Join Shelley Osborne, VP of Learning, for her best tips to set yourself up for success when working from home.","Shelley Osborne, Udemy Learning Team",4.5,"9,701",30 total mins,3 lectures,All Levels
https://www.udemy.com/course/blender-crash-course/,Free Blender Crash Course!,Start now to create your 3D Scenes!,Gustavo Rosa,4.6,"1,969",2.5 total hours,15 lectures,Beginner
https://www.udemy.com/course/morning-meditation/,Morning Meditation | Best Guided Meditation Under 10 Minutes,Create your PERFECT LIFE with just a 10 minute meditation every morning! Morning Envy is the best meditation!,COURSE ENVY,4.3,147,44 total mins,13 lectures,All Levels
https://www.udemy.com/course/high-performance-secrets/,High Performance Secrets,Get To Your Next Level Of Success and Abundance Faster Using Methods Scientifically Proved to Work,Mike Pettigrew,4.4,324,2 total hours,15 lectures,All Levels
https://www.udemy.com/course/qtum-introductory-course/,Qtum Introductory Course,An introduction to the Qtum Blockchain - what it is and what the benefits are,"Nick Hill, Zulekha Cara, Daniel Schwartzkopff, Jonathan Mayer",4.4,"1,705",29 total mins,10 lectures,Intermediate
https://www.udemy.com/course/make-wordpress-hosting-easy-with-plesk-on-digitalocean/,Make WordPress Hosting Easy with Plesk on DigitalOcean,Host your WordPress website on DigitalOcean and simplify WordPress WebOps with Plesk hosting platform,Plesk University,4.7,437,1 total hour,25 lectures,Beginner
https://www.udemy.com/course/self-care-for-productivity/,Self Care for Productivity,Create Your Action Plan for Wellness at Work,Melissa Steginus,4.5,201,1.5 total hours,10 lectures,Beginner
https://www.udemy.com/course/save-time-in-face-animation-with-cartoon-animator-4-pipeline/,Save Time in Face Animation with Cartoon Animator 4 Pipeline,Learn how to do smooth and organic facial animation that makes your characters look alive (not robotic or fake) in less,2D Animation 101 Courses,4.7,377,1.5 total hours,11 lectures,Beginner
https://www.udemy.com/course/bestrongwithresilience/,How to be confident with resilient mindset,Change your life with developing your mindset to positivity,Alex Amey,4.2,484,1 total hour,14 lectures,Beginner
https://www.udemy.com/course/how-to-still-the-mind-through-meditation/,How To Still The Mind Through Meditation,"A practical way to find inner peace and stability, to face the world.",Jeyaprakash M,4.2,123,1 total hour,14 lectures,Intermediate
https://www.udemy.com/course/jupyter-notebook-server-with-aws-ec2-and-aws-vpc/,Jupyter Notebook Server with AWS EC2 and AWS VPC,Build a Cloud Server to run your Jupyter Notebooks,Justin Mitchel,4.4,186,1.5 total hours,14 lectures,Intermediate
https://www.udemy.com/course/aws-vpc-transit-gateway/,AWS VPC Transit Gateway  - Hands On Learning!,Learn AWS VPC Transit Gateway hands on by implementing 3 practical scenarios,"Kalyan Reddy Daida | DevOps & SRE Architect on AWS, Azure & Google Cloud Platforms",4.6,357,2 total hours,28 lectures,All Levels
https://www.udemy.com/course/canva-free-course/,Canva |Top 10 Burning Questions & How To's,Let me answer the Internet's top 10 Canva questions & How to's,Ronny Hermosa,4.7,507,2.5 total hours,11 lectures,All Levels
https://www.udemy.com/course/build-a-quiz-app-with-html-css-and-javascript/,"Build a Quiz App with HTML, CSS, and JavaScript","Improve your core development skills by building a Quiz App with HTML, CSS, and JavaScript",James Quick,4.5,"2,949",2 total hours,14 lectures,Beginner
https://www.udemy.com/course/ccna-quiz-questions-exam-prep-pass-ccna-exam/,CCNA Quiz Questions: Exam prep. Get ready for your exam!,Are you ready for the CCNA exam? You sure? Check your knowledge with our CCNA Exam Quizzes. Make sure you're ready!,David Bombal,4.8,242,1.5 total hours,105 lectures,Beginner
https://www.udemy.com/course/16mindsetshifts/,"15 Mindset Shifts To Attract More Purpose, Play, & Growth","Appreciate The Beauty Of Your Life Now, Grow Into Your Potential, & Bring Purpose & A Sense Of Play Into Your Work",Eric John Campbell,4.1,89,2 total hours,17 lectures,Beginner
https://www.udemy.com/course/another-20-free-life-hacks-to-inspire-you-to-excel-in-business-andlife/,"""Another"" 20 Free Life Hacks to Inspire You to Excel in Life",Another 20 Free Videos to Inspire You to Live Your Life on Your Terms,Chris Haroun,4.6,386,2 total hours,21 lectures,All Levels
https://www.udemy.com/course/time-management-mastery-course-enhanced-productivity/,Time Management Mastery Course - Enhanced Productivity,A Scientific Approach Behind Time Management - Time Management Has Never Been Easier - Time Management Mastery Course,Best-Selling Author - Noah Merriby ​,4.2,775,1.5 total hours,28 lectures,All Levels
https://www.udemy.com/course/start-a-business-in-5-days-with-shopify-and-productlistgenie/,Start a business in 5 days with Shopify and ProductListGenie,Take 'The Challenge' and learn how to start an exciting ecommerce business with Shopify and Product List Genie in 5 days,Tim Sharp,4.5,439,1.5 total hours,31 lectures,Beginner
https://www.udemy.com/course/how-to-start-a-podcast/,How to Start a Podcast,Growing your brand? Want to share your passion with the masses? PODCASTING allows you to do both! Take our FREE course!,COURSE ENVY,4.5,426,1 total hour,11 lectures,Beginner
https://www.udemy.com/course/changebeliefs/,How To Change Any Self Limiting Belief In 30 Minutes,"Watch Eric Remove One of His Limiting Beliefs Live! ""I must work hard to survive""","Eric John Campbell, David Papa",4.5,677,1 total hour,18 lectures,Beginner
https://www.udemy.com/course/20-life-hacks-to-inspire-you-to-excel-in-business-life/,20 Free Life Hacks to Inspire You to Excel in Business &Life,20 Free Videos to Inspire You to Live Your Life on Your Terms,Chris Haroun,4.7,"1,456",2 total hours,20 lectures,All Levels
https://www.udemy.com/course/foundation-skills-for-meditation/,Foundation Skills for a Successful Meditation Practice,"Learn how to find comfort in stillness, handle distraction and keep the mind focused to reap the benefits of meditation",Laura Goellner,4.2,146,2 total hours,16 lectures,Beginner
https://www.udemy.com/course/foundation-for-digitally-sketching-a-face/,Foundation for Digitally Sketching a Face,Accentuation of proper detail,Chris Scalf,4.2,287,42 total mins,5 lectures,All Levels
https://www.udemy.com/course/powerpoint-for-beginners-free/,PowerPoint for Beginners - Program & Animation Basics FREE,PowerPoint basics is a free course where you learn basics about the software and its animation features. Enjoy!,Andrew Pach,4.5,"4,019",2 total hours,27 lectures,Beginner
https://www.udemy.com/course/wordpress-hosting-with-plesk-on-lightsail/,Make WordPress Hosting Easy with Plesk on Amazon Lightsail,Host your WordPress website on Amazon Lightsail and simplify WordPress WebOps with Plesk hosting platform,Plesk University,4.9,279,1 total hour,28 lectures,Beginner
https://www.udemy.com/course/productivity-time-management-focus-and-success/,"Productivity: Time Management, Focus and Success",How To Become More Productive And Manage Your Time Properly,"Best-Selling Author - Noah Merriby ​, Mayez El Merhbi",4.2,"1,649",2 total hours,32 lectures,All Levels
https://www.udemy.com/course/jsp-servlet-free/,JSP (Java server pages) and servlet basics,A JSP (Java server pages) and servlet basics course for beginners,"StudyEasy Organisation, Chaand Sheikh",4.5,567,2.5 total hours,28 lectures,Beginner
https://www.udemy.com/course/goal-setting-mastery-set-goals-and-crush-them/,Goal Setting Mastery - Set Goals and Crush Them,Set Goals - Plan Properly - Execute - Be Consistent - Manage Your Time - Manage Your Mind - Achieve Your Goals,Best-Selling Author - Noah Merriby ​,4.3,329,1.5 total hours,18 lectures,All Levels
https://www.udemy.com/course/personal-productivity-time-management-and-personal-success/,The Complete Modern Success Productivity Formula 2.0 ®,Learn The Scientific Basis Of Time Management And Personal Productivity And Learn How To Use It To Your Advantage,"Best-Selling Author - Noah Merriby ​, Mayez El Merhbi",4.5,"1,293",5 total hours,43 lectures,All Levels
https://www.udemy.com/course/digital-painting-series-ep0-dragon-bust/,Digital Painting Series Ep0. Dragon Bust,Learn to paint step by step. From amateur to master.,Austin Batchelor,4.5,561,2 total hours,18 lectures,Beginner
https://www.udemy.com/course/katiebmeditation/,5 Min Meditation Techniques to Create Balance,"From a beginner to someone who just wants to get back in the habit, here's my best tips and tricks to find balance.",Katie B Happyy,4.5,215,44 total mins,10 lectures,Beginner
https://www.udemy.com/course/working-remotely-efficiently-and-effectively/,Working Remotely: Efficiently and Effectively,Survive and thrive working outside of the office,Michael Taylor,4.6,658,40 total mins,13 lectures,All Levels
https://www.udemy.com/course/productivity-for-creative-people-master-your-day/,Productivity for Artists,"Get More Done every Day. Optimize your Focus, Motivation & Energy.",Mikael Baggström,4.7,90,1 total hour,28 lectures,All Levels
https://www.udemy.com/course/git-and-github-crash-course-creating-a-repository-from-scratch/,Git & GitHub Crash Course: Create a Repository From Scratch!,"Learn how to create a Git repository, clone it, make changes, and submit changes to GitHub in less than 30 minutes.",Kalob Taulien,4.6,"6,909",37 total mins,12 lectures,Beginner
https://www.udemy.com/course/css-flexbox-mastering-the-basics/,CSS Flexbox - Mastering the Basics,For Beginners,Vishwas Gopinath,4.7,"2,059",1.5 total hours,22 lectures,Beginner
https://www.udemy.com/course/how-to-set-goals-and-become-incredible/,How to Set Goals and Become Incredible,A Beginners Guide to Excelling in Your Career,Jerry Acuff,4.6,"1,225",32 total mins,11 lectures,Beginner
https://www.udemy.com/course/app-center/,App Center: Continuous Integration and Delivery for iOS,Automate your iOS development process,Xamarin University,4.4,156,1.5 total hours,30 lectures,Beginner
https://www.udemy.com/course/15-essential-blues-guitar-licks/,15 Essential Blues Guitar Licks,Learn to play classic blues,Absolute Blues Guitar Guitar Lessons,5.0,320,43 total mins,6 lectures,All Levels
https://www.udemy.com/course/paint-and-roto-for-feature-film-vfx/,Paint and Roto for Feature Film VFX 01,Marker Removal in Nuke,Michael North,4.5,189,2.5 total hours,16 lectures,All Levels
https://www.udemy.com/course/how-to-dj-with-the-pioneer-ddj-sb2/,How to DJ with the Pioneer DDJ-SB2,"From complete beginner to playing awesome DJ sets on the Pioneer DDJ-SB2 using beatmixing, cues, loops, samples & more",Joey Santos,4.6,507,2 total hours,24 lectures,Beginner
https://www.udemy.com/course/starting-to-write/,Starting to write,Be a more creative you. Take small steps and start writing today.,Louise Tondeur,4.5,928,1 total hour,43 lectures,Beginner
https://www.udemy.com/course/unity-2017-create-a-top-down-camera-with-editor-tools/,Unity 3D - Create a Top Down Camera with Editor Tools,Learn to create a Camera for your Top Down Games,Indie - Pixel,4.5,157,1.5 total hours,6 lectures,Beginner
https://www.udemy.com/course/learn-how-to-make-a-wordpress-website-professional/,Learn How to MAKE a WordPress Website - PROFESSIONAL,Create a WordPress Website Step by Step - DRAG AND DROP,Wordpress Guru,4.2,475,1 total hour,12 lectures,Beginner
https://www.udemy.com/course/breath-secrets-7-day-challenge/,Breath Secrets : 7 Day Challenge,"Join David and Harness the Power of the Breath to Clear Mental Fog, Overcome Depression, and Access Inspiration",David Beaudry,4.9,378,2 total hours,17 lectures,Beginner
https://www.udemy.com/course/isha-kriya-a-powerful-meditation/,Isha Kriya: A Powerful Meditation for Self Transformation,"12-min Powerful Meditation Guided by a Mystic|Meditation for Wellbeing, Peace, Prosperity, Health & Stress Management",Sadhguru : Insights and Wisdom,4.6,"2,375",1 total hour,10 lectures,All Levels
